OSB Adı,Konum / İlçe,Tür,Öne Çıkan Sektörler,Web Sitesi
Ankara Sanayi Odası 1. OSB,Sincan (Törekent),Karma,"Makine, Savunma Sanayi, Otomotiv Yan Sanayi, Elektrik-Elektronik, Gıda",https://www.aosb.org.tr/
ASO 2. ve 3. OSB,Sincan (Alcı),Karma,"İlaç, Kimya, Madeni Eşya, Metal İşleme, Döküm, Çevre Teknolojileri",https://www.aso2osb.org.tr/
Başkent OSB,Sincan (Malıköy),Karma,"Ağır Sanayi, Makine İmalatı, Metal, Kimya, Yapı Elemanları",https://www.baskentosb.org/
Anadolu OSB,Sincan (Malıköy),Karma,"Makine, Talaşlı İmalat, Savunma Tedarikçileri, Plastik, Metal İşleme",https://anadoluosb.org.tr/
Ostim OSB,Yenimahalle,Karma,"Savunma ve Havacılık, İş Makineleri, Medikal, Enerji, Kauçuk-Plastik",https://www.ostim.org.tr/
İvedik OSB,Yenimahalle,Karma,"Matbaacılık, Otomotiv Yedek Parça, Plastik-Ambalaj, Mobilya, Yazılım/Bilişim",https://www.ivedikosb.org.tr/
Polatlı OSB,Polatlı,Karma,"Tarım Makineleri, Metal Sanayi, Yapı Kimyasalları, Cam Sanayi",https://www.polatliosb.org.tr/
Polatlı Ticaret Odası OSB,Polatlı,Karma,"Gıda İşleme, Un ve Yem Fabrikaları, Tarımsal Endüstri, Metal İmalatı",https://www.ptoosb.org.tr/
Şereflikoçhisar OSB,Şereflikoçhisar,Karma,"Tuz İşleme, Alçı-Yapı Malzemeleri, Tarımsal Gıda",http://www.sereflikochisarosb.org.tr/
Ankara Uzay ve Havacılık İhtisas OSB (HAB),Kahramankazan,İhtisas,"Savunma Sanayi, Havacılık, Uzay ve Uydu Teknolojileri, İleri Malzeme, Ar-Ge",https://www.habosb.org.tr/
Ankara Dökümcüler İhtisas OSB,Sincan (Alcı),İhtisas,"Metal Döküm Sanayi, Otomotiv ve Makine Parçaları İmalatı",http://www.ankaradokumculerosb.org.tr/
Elmadağ Mobilyacılar İhtisas OSB,Elmadağ,İhtisas,"Endüstriyel Mobilya İmalatı, Ahşap İşleme, Mobilya Aksesuarları",http://www.elmadaosb.org.tr/
Ankara-Çubuk TDİ (Besi) OSB,Çubuk,İhtisas,"Büyükbaş Hayvancılık, Besi İşletmeleri, Et Entegre Tesisleri",https://www.cubukosb.org.tr/
