dosya,agac,kb,satir,gelen_link,giden_link,kirik_link,tur
Huginn Data Insights/AI proje v1/V10/05_versiyonlar/01_versiyon_8_baglam_dokumani.md,HDI/AI proje v1,46.62,1297,5,6,0,OK
Huginn Data Insights/docs/ROO_ELESTIRI_NOTLARI.md,Huginn Data Insights,46.02,344,3,1,0,OK
Huginn Data Insights/AI proje v1/V10/05_versiyonlar/01_versiyon_9_baglam_dokumani.md,HDI/AI proje v1,42.84,964,16,6,0,OK
Huginn Data Insights/AI proje v1/docs/CALISMA_GUNLUGU.md,HDI/AI proje v1,41.28,556,1,1,0,OK
Huginn Data Insights/docs/CALISMA_GUNLUGU.md,Huginn Data Insights,41.28,556,1,1,0,OK
Huginn Data Insights/data_worktree/orchestrator/gorev_panosu.md,HDI/data_worktree,40.49,354,1,1,0,OK
Huginn Data Insights/AGENTS.md,Huginn Data Insights,38.7,466,15,8,0,OK
Huginn Data Insights/docs/MUNINN_STREAMLIT_PLAN_2026-09-18.md,Huginn Data Insights,35.91,463,1,1,0,OK
Huginn Data Insights/data/orchestrator/gorev_panosu.md,Huginn Data Insights,32.86,304,1,1,0,OK
Huginn Data Insights/AI proje v1/V10/04_karşılaştırmalar/01_v9_ile_karsilastirma.md,HDI/AI proje v1,32.81,378,11,6,0,OK
Huginn Data Insights/plans/P7-27_ai_cost_dashboard_architecture.md,Huginn Data Insights,30.33,1040,1,1,1,B
Huginn Data Insights/data/orchestrator/VAULT-TARAMA-02_analiz_2026-09-20_orkestrator.md,Huginn Data Insights,27.32,350,1,1,0,OK
Huginn Data Insights/CHANGELOG.md,Huginn Data Insights,26.26,411,0,0,0,C+A
Huginn Data Insights/scripts/_tavily_skill_incele.md,Huginn Data Insights,25.54,539,1,1,0,OK
VAULT_AUTOMATION_TEMPLATE.md,kok,24.97,613,1,2,6,B
Huginn Data Insights/docs/HUGINN_V10_PLAN_NETLESTIRME_2026-09-18.md,Huginn Data Insights,23.79,270,1,1,0,OK
Huginn Data Insights/AI proje v1/V10/03_mimari/HUGINN_V10_PLAN_NETLESTIRME_2026-09-18.md,HDI/AI proje v1,23.76,268,2,0,0,A
Huginn Data Insights/docs/UX_MENU_AGACI_WIREFRAME_2026-09-18.md,Huginn Data Insights,22.33,407,1,1,0,OK
Huginn Data Insights/docs/MUNINN_PLAN_UC_TUR_DEGERLENDIRME_2026-09-18.md,Huginn Data Insights,22.1,221,1,1,0,OK
Huginn Data Insights/data/orchestrator/PO-BACK-08_kritik_bulgular_20260915_cline.md,Huginn Data Insights,21.41,245,1,1,0,OK
Huginn Data Insights/data_worktree/orchestrator/PO-BACK-08_kritik_bulgular_20260915_cline.md,HDI/data_worktree,21.17,245,1,1,0,OK
Huginn Data Insights/docs/AJAN_DETAY.md,Huginn Data Insights,20.55,240,1,0,0,A
Huginn Data Insights/AI proje v1/V10/CHANGELOG.md,HDI/AI proje v1,20.3,363,1,8,0,OK
Huginn Data Insights/AI proje v1/V10/07_referanslar/10_apify_entegrasyon_arastirmasi_20260910.md,HDI/AI proje v1,20.28,323,4,3,0,OK
Huginn Data Insights/AI proje v1/V10/08-Ajanlar/07_harici_ajan_protokolu.md,HDI/AI proje v1,17.22,579,6,11,0,OK
Huginn Data Insights/AI proje v1/V10/00_ana_belgeler/01_sirket_master_ana_belgesi.md,HDI/AI proje v1,15.21,718,49,7,0,OK
Huginn Data Insights/AI proje v1/V10/05_versiyonlar/01_versiyon_6_baglam_dokumani.md,HDI/AI proje v1,13.58,514,6,3,0,OK
Huginn Data Insights/data/skills/supabase/skills/supabase/SKILL.md,Huginn Data Insights,13.26,746,1,1,0,OK
Huginn Data Insights/AI proje v1/V10/00_ana_belgeler/02_hugins_master_kaynak_dokumani.md,HDI/AI proje v1,12.36,888,2,0,0,A
Huginn Data Insights/data/skills/supabase/AGENTS.md,Huginn Data Insights,8.71,1134,1,1,2,B
Huginn Data Insights/data/skills/supabase/CONTRIBUTING.md,Huginn Data Insights,6.92,804,1,1,0,OK
Huginn Data Insights/data/skills/supabase/README.md,Huginn Data Insights,5.64,696,1,1,0,OK
Huginn Data Insights/data/skills/supabase/skills/supabase-postgres-best-practices/references/_contributing.md,Huginn Data Insights,5.51,841,0,1,0,C
Huginn Data Insights/data/skills/supabase-postgres-best-practices/references/_contributing.md,Huginn Data Insights,5.51,841,0,1,0,C
Huginn Data Insights/AI proje v1/data/skills/supabase-postgres-best-practices/references/_contributing.md,HDI/AI proje v1,5.19,674,0,1,0,C
Huginn Data Insights/data_worktree/skills/supabase-postgres-best-practices/references/_contributing.md,HDI/data_worktree,5.19,674,0,1,0,C
